Q_obs,Q_null_mean,Q_null_sd,z_score,p_value,n_valid_nulls
0.43562588996143464,0.0012651335380209703,0.012383082699810262,35.07694868500467,0.0,100
