Q_obs,Q_null_mean,Q_null_sd,z_score,p_value,n_valid_nulls
0.8722285714285715,0.8092537142857142,0.017134385537043273,3.6753496065972278,0.0,200
