Q_obs,Q_null_mean,Q_null_sd,z_score,p_value,n_valid_nulls
0.436142995988535,-0.0001880389183180141,0.005291067996776272,82.46558826548812,0.0,200
