Q_obs,Q_null_mean,Q_null_sd,z_score,p_value,n_valid_nulls
0.8760489795918368,0.8100725937235618,0.018366763680101733,3.5921617448452734,0.0,100
