layer,nodf_total,nodf_rows,nodf_cols,n_rows,n_cols,fill_percentage
utilization,19.47136339201958,23.116678415273018,15.826048368766143,173,93,13.91012493007645
