layer,nodf_total,nodf_rows,nodf_cols,n_rows,n_cols,fill_percentage
production,1.9763805376678412,2.9153693744692895,1.037391700866393,134,93,1.4042689776921842
