NODF_obs,NODF_null_mean,NODF_null_sd,z_score,p_value,n_valid_nulls
1.9763805376678412,2.5749176794673825,0.1412586146257946,-4.237172673575444,0.0,100
