NODF_obs,NODF_null_mean,NODF_null_sd,z_score,p_value,n_valid_nulls
19.47136339201958,25.71623693507226,0.40382528466362183,-15.464295526354997,0.0,100
