"network","agents","pyoverdines","edges","density"
"FG",177,93,2244,0.136322216147257
"STR",1809,93,14204,0.0844285145360414
