"vertices","edges","avg_degree","density","components"
270,2413,17.8740740740741,0.0332231860112901,2
