"replicate","modularity"
1,-0.00700551043622763
2,-0.00700551043622763
3,-0.00700551043622763
4,-0.00700551043622763
5,-0.00700551043622763
6,-0.00700551043622763
7,-0.00700551043622763
8,-0.00700551043622763
9,-0.00700551043622763
10,-0.00700551043622763
11,-0.00700551043622763
12,-0.00700551043622763
13,-0.00700551043622763
14,-0.00700551043622763
15,-0.00700551043622763
16,-0.00700551043622763
17,-0.00700551043622763
18,-0.00700551043622763
19,-0.00700551043622763
20,-0.00700551043622763
